Customer_ID,Age,Gender,Annual_Income,Spending_Score,Previous_Purchases,Engagement_Score,Purchase
1,62,Other,45.15,59,22,55,0
2,65,Male,79.51,90,77,35,1
3,18,Male,29.19,6,71,30,0
4,21,Other,79.63,91,33,45,1
5,21,Other,77.66,54,43,25,0
6,57,Male,190.43,2,85,20,0
7,27,Male,172.13,35,77,25,1
8,37,Other,88.9,73,87,15,1
9,39,Other,24.46,49,21,60,0
10,68,Other,169.59,98,34,30,1
11,54,Male,138.9,43,33,50,0
12,41,Female,47.43,33,10,30,0
13,24,Other,199.29,82,60,25,1
14,42,Female,38.04,55,4,10,0
15,42,Female,176.08,69,64,5,1
16,30,Male,72.97,81,63,15,1
17,19,Male,98.36,67,9,50,0
18,56,Female,163.18,43,29,35,0
19,57,Male,141.95,13,14,40,0
20,41,Other,188.82,58,88,45,1
21,64,Other,131.81,90,72,50,1
22,42,Female,37.61,42,13,25,0
23,35,Female,179.18,91,3,50,1
24,55,Other,158.45,51,78,10,1
25,43,Other,148.14,62,24,40,1
26,31,Female,29.67,83,60,25,1
27,26,Other,91.32,57,74,30,1
28,27,Male,50.14,10,80,5,0
29,38,Male,167.94,98,12,25,1
30,69,Female,146.1,25,10,5,0
31,34,Male,178.95,71,63,20,1
32,69,Female,193.98,51,66,45,1
33,23,Male,159.45,48,91,5,1
34,33,Male,198.96,25,12,45,0
35,65,Female,130.66,72,96,45,1
36,18,Other,26.68,12,49,15,0
37,36,Female,22.57,99,59,25,1
38,53,Female,81.58,85,76,30,1
39,42,Other,168.22,54,2,45,0
40,67,Male,175.9,43,73,65,1
41,69,Female,192.95,29,26,40,0
42,47,Female,31.72,51,31,45,0
43,37,Female,28.02,88,34,25,1
44,37,Male,184.39,28,88,5,1
45,32,Male,74.91,51,21,20,0
46,57,Other,120.44,24,50,10,0
47,50,Female,196.84,34,9,50,0
48,19,Other,92.08,20,65,30,0
49,27,Other,139.86,99,35,55,1
50,50,Female,92.16,58,31,20,0
51,49,Female,158.28,74,85,60,1
52,28,Other,114.99,11,38,15,0
53,41,Male,62.75,37,23,25,0
54,53,Other,68.84,89,62,10,1
55,29,Male,66.45,9,43,45,0
56,68,Male,115.82,17,49,50,0
57,46,Other,146.57,63,87,60,1
58,52,Female,190.87,63,21,35,1
59,18,Other,144.94,84,44,15,1
60,18,Other,160.61,94,8,20,1
61,54,Male,50.41,15,66,60,0
62,23,Other,87.33,27,46,35,0
63,56,Female,94.48,43,31,20,0
64,58,Other,143.55,1,13,50,0
65,35,Other,73.26,8,70,35,0
66,33,Male,74.59,23,57,35,0
67,22,Female,84.06,49,22,65,0
68,59,Female,165.85,26,70,10,0
69,60,Male,123.97,88,17,10,1
70,49,Female,33.55,33,44,25,0
71,19,Female,34.08,93,24,25,1
72,19,Other,86.83,98,41,40,1
73,57,Male,157.99,45,38,55,1
74,59,Female,143.96,23,49,25,0
75,53,Male,147.44,30,40,25,0
76,56,Other,158.1,78,39,5,1
77,29,Female,71.69,28,44,10,0
78,64,Male,118.69,39,49,35,0
79,36,Female,117.8,48,1,25,0
80,45,Male,153.13,58,10,60,1
81,18,Other,192.24,100,16,50,1
82,32,Other,70.04,24,53,65,0
83,53,Female,162.79,36,54,15,0
84,30,Female,138.79,27,5,30,0
85,60,Male,124.44,37,29,25,0
86,38,Female,159.48,11,36,25,0
87,29,Other,189.93,37,21,5,0
88,22,Other,26.6,89,7,30,0
89,24,Other,46.53,30,42,25,0
90,22,Female,156.13,38,32,30,0
91,65,Male,35.08,95,90,60,1
92,21,Other,112.9,73,81,25,1
93,30,Other,59.57,52,69,55,1
94,54,Female,69.37,78,14,25,0
95,58,Female,146.33,13,34,35,0
96,32,Female,25.43,47,18,10,0
97,33,Female,177.2,13,66,35,0
98,38,Male,100.01,24,90,45,1
99,53,Female,110.43,15,48,25,0
100,41,Male,117.21,37,87,10,0
101,33,Male,136.2,39,43,55,1
102,31,Other,82.07,95,23,5,0
103,39,Other,38.2,27,82,25,0
104,66,Female,77.31,48,68,20,0
105,67,Other,50.27,81,20,40,1
106,23,Male,120.1,82,47,25,1
107,59,Female,77.25,75,30,10,0
108,53,Female,192.45,29,69,40,1
109,18,Female,193.83,50,85,25,1
110,49,Female,131.62,19,31,55,0
111,23,Other,131.15,20,45,30,0
112,48,Female,197.37,44,80,30,1
113,18,Male,179.71,74,34,60,1
114,67,Female,157.71,53,5,30,0
115,68,Other,76.45,89,84,25,1
116,54,Male,85.8,83,38,30,1
117,52,Other,56.23,4,53,45,0
118,66,Other,107.69,57,65,25,1
119,47,Other,198.27,61,18,65,1
120,21,Other,184.19,96,18,10,1
121,52,Female,41.3,3,40,30,0
122,60,Other,24.53,54,19,60,0
123,31,Female,181.75,21,6,25,0
124,66,Female,116.69,6,99,40,0
125,57,Other,56.03,59,4,50,0
126,39,Male,141.26,77,59,5,1
127,27,Other,135.96,78,1,35,0
128,18,Other,41.98,4,36,20,0
129,28,Female,66.73,41,26,30,0
130,68,Female,30.81,5,85,25,0
131,61,Female,57.77,25,94,25,0
132,41,Female,43.82,20,66,30,0
133,20,Other,54.78,22,15,35,0
134,52,Male,143.38,35,45,15,0
135,53,Male,28.91,28,5,25,0
136,48,Male,38.33,96,71,45,1
137,21,Male,44.15,36,18,35,0
138,36,Female,76.98,90,94,40,1
139,64,Other,73.78,19,62,15,0
140,53,Female,65.91,77,57,20,1
141,38,Female,155.1,7,2,45,0
142,35,Other,199.64,47,17,20,0
143,68,Other,116.12,1,67,30,0
144,45,Other,189.96,81,79,40,1
145,32,Female,91.39,95,50,10,1
146,59,Male,39.2,4,25,15,0
147,19,Female,93.58,93,70,30,1
148,54,Female,73.3,78,22,45,1
149,28,Other,108.81,36,9,45,0
150,40,Female,138.27,91,73,40,1
151,61,Male,102.99,30,34,25,0
152,58,Male,188.33,41,70,45,1
153,29,Female,179.26,10,97,40,1
154,20,Other,146.36,66,1,5,0
155,69,Female,108.14,4,44,45,0
156,34,Male,43.7,49,7,35,0
157,50,Male,91.46,69,15,35,0
158,18,Female,146.79,82,38,45,1
159,56,Male,71.28,16,93,15,0
160,37,Female,38.72,76,81,35,1
161,64,Male,183.42,72,54,25,1
162,60,Other,147.63,56,30,45,1
163,69,Male,130.75,59,83,5,1
164,58,Female,162.65,10,94,30,1
165,31,Female,170.42,60,4,5,0
166,48,Other,107.02,39,75,60,1
167,42,Male,178.61,87,42,40,1
168,20,Female,184.96,32,40,35,0
169,21,Male,68.88,58,97,40,1
170,48,Other,129.36,43,33,35,0
171,52,Female,114.79,88,29,45,1
172,61,Other,116.83,26,15,30,0
173,31,Female,188.78,9,96,45,1
174,66,Male,74.93,75,99,65,1
175,58,Female,197.02,42,63,45,1
176,26,Other,182.38,59,62,35,1
177,37,Female,102.57,4,68,35,0
178,49,Other,167.14,95,14,10,1
179,26,Female,158.43,88,19,45,1
180,44,Other,142.02,63,82,10,1
181,20,Male,77.57,3,62,55,0
182,21,Female,55.36,38,35,45,0
183,62,Male,140.87,98,99,30,1
184,32,Female,171.74,68,84,40,1
185,50,Female,22.93,17,69,45,0
186,22,Male,135.7,47,76,60,1
187,21,Other,99.72,97,22,20,1
188,63,Male,181.66,54,4,25,0
189,29,Male,77.87,3,35,65,0
190,40,Female,105.35,62,84,30,1
191,31,Other,112.66,28,91,30,1
192,63,Other,45.28,11,73,50,0
193,29,Male,148.32,41,79,60,1
194,34,Male,169.49,56,36,45,1
195,42,Other,30.42,3,77,25,0
196,47,Male,72.45,56,82,15,1
197,39,Female,26.85,52,88,5,0
198,64,Female,192.18,80,82,30,1
199,43,Male,140.09,43,97,25,1
200,34,Female,193.56,56,50,20,1
201,37,Other,115.67,74,12,30,0
202,51,Male,164.37,90,67,45,1
203,58,Female,87.39,39,23,25,0
204,50,Male,83.69,61,69,35,1
205,54,Other,88.09,70,42,30,1
206,24,Female,138.42,5,43,15,0
207,39,Other,84.7,80,16,30,0
208,49,Male,182.07,38,60,15,0
209,31,Male,196.99,67,61,25,1
210,25,Female,25.48,48,82,40,1
211,42,Other,54.85,71,78,55,1
212,33,Male,40.2,73,96,30,1
213,59,Other,27.63,20,4,65,0
214,36,Other,60.99,67,46,45,1
215,58,Female,100.42,85,26,35,1
216,33,Other,170.66,24,52,5,0
217,29,Male,59.93,76,29,15,0
218,56,Male,108.91,64,83,40,1
219,65,Female,187.33,96,96,30,1
220,47,Other,140.1,27,24,25,0
221,19,Male,163.65,16,11,10,0
222,49,Male,119.18,32,14,30,0
223,62,Female,196.48,26,78,15,1
224,42,Other,125.96,76,14,25,0
225,42,Other,28.19,74,84,30,1
226,21,Other,55.64,67,66,25,1
227,36,Male,92.86,22,4,20,0
228,65,Male,128.23,86,13,40,1
229,21,Female,158.95,96,9,5,1
230,60,Male,94.36,54,11,35,0
231,30,Female,147.81,65,7,35,0
232,56,Female,162.18,51,53,15,1
233,53,Other,77.11,29,32,65,0
234,40,Female,196.27,29,44,20,0
235,23,Other,136.94,32,96,40,1
236,41,Other,178.58,20,22,30,0
237,61,Male,120.07,90,14,25,1
238,50,Male,153.49,86,72,45,1
239,29,Female,158.7,47,46,45,1
240,58,Female,183.48,37,29,10,0
241,38,Female,47.06,94,83,5,1
242,28,Female,120.49,23,30,35,0
243,61,Male,97.11,56,62,10,0
244,55,Female,186.17,6,27,55,0
245,46,Other,38.92,20,51,55,0
246,65,Male,196.86,61,16,35,1
247,58,Other,177.58,67,47,35,1
248,20,Female,33.29,58,66,40,1
249,45,Male,108.37,87,52,30,1
250,37,Other,149.16,99,26,45,1
251,43,Male,152.87,77,19,45,1
252,41,Other,183.17,47,40,40,1
253,69,Male,163.98,84,49,10,1
254,64,Other,75.97,13,46,15,0
255,38,Other,109.72,69,23,40,1
256,47,Other,146.32,52,28,25,0
257,21,Male,44.92,19,76,15,0
258,53,Other,54.92,97,45,30,1
259,57,Other,106.59,34,39,40,0
260,27,Female,73.68,62,1,35,0
261,27,Other,175.26,88,10,20,1
262,59,Female,125.53,51,23,55,1
263,41,Male,82.76,12,70,15,0
264,21,Other,172.79,82,24,55,1
265,64,Male,164.88,36,71,40,1
266,44,Female,199.7,98,87,45,1
267,68,Female,172.52,88,88,25,1
268,62,Male,94.6,85,66,40,1
269,21,Other,42.95,36,56,30,0
270,49,Male,171.32,76,56,5,1
271,27,Female,30.76,99,27,5,0
272,28,Female,83.05,53,32,15,0
273,45,Other,185.55,48,20,50,1
274,63,Female,192.94,2,62,20,0
275,25,Other,135.3,70,26,35,1
276,57,Other,143.96,86,72,10,1
277,39,Other,27.64,25,12,30,0
278,51,Female,112.61,32,58,25,0
279,62,Male,118.44,51,56,30,1
280,52,Male,81.22,8,18,45,0
281,52,Female,32.35,10,55,30,0
282,42,Male,61.2,43,1,25,0
283,51,Male,84.44,27,12,35,0
284,23,Female,98.33,41,37,20,0
285,58,Male,126.37,46,78,40,1
286,54,Female,150.03,98,9,45,1
287,18,Other,77.17,94,64,45,1
288,29,Other,79.21,15,11,60,0
289,52,Male,23.54,88,90,30,1
290,23,Female,27.36,9,10,40,0
291,34,Other,66.41,51,85,35,1
292,26,Female,153.24,17,5,10,0
293,19,Female,133.1,37,60,35,1
294,35,Female,158.56,75,40,40,1
295,66,Male,158.41,43,81,25,1
296,53,Other,174.18,81,83,50,1
297,45,Male,149.66,72,79,15,1
298,58,Female,196.22,94,88,45,1
299,54,Other,181.79,54,53,55,1
300,66,Male,125.61,80,49,65,1
301,43,Other,125.87,33,31,25,0
302,21,Male,26.17,35,4,25,0
303,57,Female,199.73,41,11,65,1
304,53,Other,43.68,42,33,30,0
305,68,Female,153.26,11,22,40,0
306,48,Female,167.78,52,42,35,1
307,47,Other,87.15,11,98,30,0
308,67,Other,55.43,89,19,65,1
309,51,Male,37.78,7,98,10,0
310,36,Male,154.75,45,52,30,1
311,35,Female,101.48,29,77,5,0
312,47,Male,148.47,16,64,25,0
313,38,Other,184.77,79,53,30,1
314,20,Other,46.39,72,67,35,1
315,23,Other,185.45,15,90,5,0
316,55,Female,94.09,64,95,10,1
317,30,Male,74.95,79,52,55,1
318,62,Male,189.75,78,93,35,1
319,20,Male,198.32,10,42,45,0
320,65,Male,55.8,69,18,10,0
321,45,Male,138.23,72,15,65,1
322,39,Male,39.17,86,60,55,1
323,57,Male,137.16,51,61,10,0
324,57,Female,168.92,47,14,65,1
325,29,Male,143.21,97,98,25,1
326,40,Male,95.12,80,23,40,1
327,48,Male,88.95,56,62,45,1
328,35,Female,90.76,34,89,55,1
329,24,Male,126.15,85,31,35,1
330,25,Female,178.68,46,11,45,0
331,36,Female,187.23,10,4,15,0
332,46,Female,29.64,46,32,35,0
333,61,Other,52.69,87,33,30,1
334,37,Male,40.2,45,14,40,0
335,67,Other,54.8,2,50,30,0
336,59,Male,82.39,62,40,30,0
337,47,Female,111.18,100,1,35,1
338,64,Female,133.3,82,25,35,1
339,39,Male,151.79,62,85,15,1
340,27,Male,180.22,92,44,30,1
341,43,Female,198.04,82,91,30,1
342,68,Male,139.31,50,92,40,1
343,50,Male,172.17,59,88,45,1
344,45,Other,160.05,73,91,30,1
345,27,Female,75.36,85,74,15,1
346,46,Other,177.62,7,98,30,1
347,61,Female,27.7,78,91,25,1
348,35,Other,20.07,45,42,10,0
349,59,Male,69.27,66,32,30,0
350,18,Male,103.18,77,41,25,1
351,40,Female,134.91,54,96,40,1
352,34,Female,38.32,17,9,30,0
353,60,Female,141.14,41,50,5,0
354,54,Other,164.33,9,37,25,0
355,48,Female,53.36,69,82,25,1
356,42,Male,94.72,95,95,40,1
357,21,Female,113.6,80,2,25,0
358,69,Male,101.33,40,59,45,1
359,26,Other,163.97,59,30,35,1
360,45,Male,192.89,31,81,45,1
361,47,Male,163.81,55,85,50,1
362,64,Other,34.04,31,9,20,0
363,41,Male,164.89,74,37,20,1
364,50,Other,31.99,27,94,20,0
365,37,Other,62.47,96,60,30,1
366,26,Other,47.56,67,16,5,0
367,25,Male,55.55,8,14,10,0
368,41,Other,115.1,2,26,5,0
369,31,Female,140.9,100,81,5,1
370,35,Male,104.66,23,51,45,0
371,18,Male,192.75,32,12,5,0
372,29,Female,63.25,22,47,50,0
373,46,Female,157.37,93,3,45,1
374,54,Female,176.63,66,34,50,1
375,43,Female,121.17,51,93,40,1
376,50,Other,102.12,56,91,65,1
377,60,Male,127.31,32,42,5,0
378,32,Male,97.19,62,2,40,0
379,40,Female,119.93,42,27,20,0
380,46,Other,95.05,21,73,30,0
381,38,Other,92.08,66,84,20,1
382,36,Female,145.16,38,28,40,0
383,22,Female,36.71,79,23,5,0
384,40,Female,49.98,42,90,15,0
385,53,Female,173.22,51,89,5,1
386,37,Other,158.79,79,85,15,1
387,25,Male,70.66,45,37,60,0
388,26,Other,87.91,97,25,35,1
389,31,Male,186.68,79,31,20,1
390,23,Male,167.25,83,13,5,0
391,18,Male,130.58,95,53,10,1
392,26,Other,59.87,39,57,55,0
393,33,Female,27.97,58,93,25,1
394,33,Female,97.63,70,69,50,1
395,29,Other,141.07,68,66,55,1
396,22,Other,169.13,95,70,40,1
397,57,Male,173.48,29,45,40,0
398,46,Other,25.9,30,86,20,0
399,63,Male,63.95,92,25,60,1
400,44,Other,81.04,80,9,40,0
401,28,Female,53.97,21,31,25,0
402,64,Female,164.54,57,33,15,0
403,67,Female,158.14,75,86,30,1
404,45,Other,113.03,36,68,15,0
405,69,Male,196.93,44,58,35,1
406,53,Female,45.93,58,85,5,0
407,59,Male,181.94,47,82,5,1
408,36,Female,40.96,76,18,40,0
409,52,Male,49.37,1,76,40,0
410,69,Other,145.32,44,19,35,0
411,48,Other,39.72,34,36,5,0
412,61,Male,121.85,61,59,30,1
413,36,Other,95.64,78,86,55,1
414,63,Male,151.13,8,44,25,0
415,41,Other,182.12,17,64,35,0
416,19,Other,158.58,67,99,5,1
417,24,Male,172.94,74,98,55,1
418,60,Female,25.93,59,74,30,1
419,66,Female,75.84,98,28,5,1
420,48,Female,112.78,50,88,45,1
421,34,Male,94.87,14,64,20,0
422,44,Female,61.63,69,52,45,1
423,53,Other,75.42,61,60,15,0
424,67,Female,190.18,59,37,20,1
425,60,Other,72.95,55,49,35,0
426,27,Female,83.7,94,98,5,1
427,62,Female,20.67,14,12,55,0
428,31,Male,172.11,8,73,25,0
429,24,Other,47.87,16,94,25,0
430,56,Other,56.75,25,34,40,0
431,57,Other,65.95,60,48,25,0
432,26,Female,179.23,62,15,50,1
433,31,Female,57.16,24,95,45,1
434,25,Male,163.55,49,32,50,1
435,34,Male,165.45,49,88,45,1
436,40,Male,186.86,46,64,65,1
437,33,Female,40.8,81,44,35,1
438,43,Male,59.11,48,22,15,0
439,26,Other,153.72,76,3,10,0
440,53,Male,55.28,17,27,60,0
441,24,Female,71.54,54,10,45,0
442,35,Male,50.01,83,2,45,0
443,25,Other,51.09,19,57,20,0
444,38,Other,106.68,47,68,35,1
445,43,Other,39.74,61,82,25,1
446,20,Female,77.91,19,2,15,0
447,34,Other,96.79,76,31,5,0
448,68,Male,24.42,9,35,55,0
449,63,Male,89.9,95,98,65,1
450,41,Other,36.94,47,48,45,0
451,42,Female,108.84,34,49,5,0
452,22,Other,168.63,12,11,35,0
453,54,Male,167.32,44,7,5,0
454,62,Male,34.48,66,6,45,0
455,67,Other,128.22,10,43,35,0
456,41,Female,170.23,31,71,25,1
457,48,Male,62.84,84,39,5,0
458,43,Female,157.15,65,6,35,0
459,38,Other,180.34,21,61,10,0
460,51,Male,165.1,17,31,10,0
461,55,Male,39.31,91,60,20,1
462,41,Male,21.63,29,9,30,0
463,45,Male,54.51,19,64,15,0
464,47,Male,68.69,100,82,25,1
465,51,Male,130.91,32,87,15,0
466,69,Other,89.17,13,4,45,0
467,69,Male,146.61,47,16,35,0
468,40,Male,83.55,44,95,30,1
469,25,Other,47.8,93,7,40,1
470,59,Male,76.28,14,94,5,0
471,67,Male,179.18,10,23,25,0
472,27,Other,192.54,10,11,50,0
473,18,Male,57.35,91,29,20,1
474,37,Male,161.92,45,8,25,0
475,54,Other,69.2,16,92,40,0
476,35,Male,179.68,60,84,60,1
477,38,Other,49.8,54,3,30,0
478,66,Male,139.87,21,72,60,1
479,21,Male,35.16,61,77,25,1
480,60,Other,195.3,35,52,60,1
481,19,Female,146.11,25,20,10,0
482,38,Other,171.53,51,95,40,1
483,54,Female,122.0,30,31,20,0
484,22,Female,105.82,23,28,5,0
485,34,Male,131.94,88,16,25,1
486,66,Other,115.17,16,48,10,0
487,65,Female,104.49,29,24,35,0
488,28,Female,156.7,39,59,25,0
489,63,Female,52.08,28,95,30,0
490,58,Female,50.81,22,84,40,0
491,48,Other,97.73,77,9,25,0
492,45,Male,77.73,34,14,25,0
493,61,Male,33.34,12,39,50,0
494,49,Female,172.0,55,39,25,1
495,38,Male,158.89,13,3,5,0
496,24,Female,117.91,36,43,65,1
497,27,Male,196.28,88,52,35,1
498,45,Male,33.07,37,69,5,0
499,65,Other,158.0,64,39,20,1
500,53,Female,67.95,52,70,30,1
501,37,Other,86.35,15,60,25,0
502,30,Male,59.47,65,64,35,1
503,36,Female,162.03,86,54,45,1
504,67,Female,45.96,10,63,5,0
505,28,Female,171.2,76,34,25,1
506,52,Female,139.08,69,89,10,1
507,51,Female,30.62,87,93,25,1
508,61,Female,165.98,11,86,25,0
509,21,Male,133.0,31,45,40,0
510,30,Female,182.9,70,15,35,1
511,54,Male,154.77,3,69,25,0
512,19,Other,121.0,74,82,60,1
513,67,Male,170.58,86,80,45,1
514,18,Other,70.05,46,26,45,0
515,57,Female,118.45,44,64,35,1
516,42,Male,72.85,29,37,25,0
517,54,Male,194.28,1,13,55,0
518,53,Male,60.72,19,39,45,0
519,23,Other,22.83,98,60,35,1
520,24,Female,78.65,87,94,25,1
521,21,Male,110.45,27,31,35,0
522,52,Other,25.11,96,99,25,1
523,58,Male,120.66,37,84,25,1
524,51,Male,177.37,30,84,60,1
525,46,Male,146.85,16,32,25,0
526,22,Male,132.13,90,76,45,1
527,44,Other,192.07,99,8,40,1
528,50,Female,192.49,33,70,45,1
529,63,Female,168.37,71,78,45,1
530,69,Male,129.39,34,63,20,0
531,27,Other,107.8,11,99,20,0
532,23,Female,22.4,40,47,35,0
533,51,Female,129.13,56,33,35,0
534,25,Male,198.04,13,33,20,0
535,48,Male,167.26,82,29,60,1
536,26,Other,81.31,50,13,45,0
537,38,Female,47.37,24,94,25,0
538,25,Male,161.13,60,75,35,1
539,21,Other,153.91,80,56,30,1
540,39,Other,194.07,33,74,25,1
541,45,Other,177.47,70,50,25,1
542,62,Female,120.02,43,20,5,0
543,21,Female,38.23,96,87,55,1
544,56,Female,107.03,77,24,30,1
545,38,Other,76.47,36,31,15,0
546,25,Other,112.23,3,61,35,0
547,37,Male,74.31,66,53,5,0
548,49,Male,175.13,21,14,65,0
549,18,Female,171.98,13,32,25,0
550,23,Female,76.78,93,59,35,1
551,45,Male,127.92,100,17,30,1
552,61,Female,97.43,28,19,45,0
553,48,Male,183.64,31,2,45,0
554,27,Male,53.72,17,16,60,0
555,37,Male,145.59,46,33,50,1
556,25,Other,194.67,87,79,40,1
557,39,Female,51.55,70,74,15,1
558,55,Other,56.35,85,7,10,0
559,46,Female,144.87,24,68,50,1
560,26,Other,160.25,73,71,25,1
561,61,Female,108.3,92,80,15,1
562,64,Female,129.74,29,94,25,1
563,18,Male,58.28,69,86,50,1
564,58,Other,105.79,41,52,25,0
565,69,Other,40.17,30,75,55,0
566,56,Female,77.86,97,59,15,1
567,43,Other,71.26,35,78,40,1
568,28,Female,100.03,12,92,5,0
569,69,Female,187.42,39,27,25,0
570,52,Male,52.63,45,27,45,0
571,41,Female,92.25,75,69,35,1
572,50,Other,130.81,95,60,35,1
573,37,Male,190.38,82,30,15,1
574,44,Female,43.97,93,49,35,1
575,32,Male,185.22,48,93,45,1
576,50,Male,34.59,72,62,40,1
577,69,Female,106.53,32,61,15,0
578,24,Other,101.83,8,16,50,0
579,51,Female,57.73,37,92,40,1
580,62,Female,82.54,70,41,25,1
581,68,Female,101.75,28,33,40,0
582,63,Female,175.74,86,46,40,1
583,59,Female,191.91,79,15,25,1
584,22,Other,113.41,20,69,50,0
585,47,Male,176.62,34,90,35,1
586,45,Other,129.47,83,97,50,1
587,35,Female,82.84,25,13,35,0
588,53,Male,54.95,34,45,45,0
589,20,Male,94.36,35,60,25,0
590,38,Male,114.11,80,43,45,1
591,63,Other,28.0,5,64,20,0
592,33,Other,46.25,8,53,15,0
593,54,Other,128.03,58,14,45,0
594,59,Female,60.5,40,53,10,0
595,22,Other,170.72,64,51,25,1
596,67,Other,78.85,27,51,50,0
597,68,Other,38.87,91,70,10,1
598,31,Male,35.04,76,88,40,1
599,48,Male,188.68,8,95,15,0
600,63,Female,41.24,79,93,15,1
601,41,Male,45.36,97,55,45,1
602,52,Female,175.28,94,86,20,1
603,53,Male,65.77,74,84,45,1
604,27,Female,139.87,13,89,35,0
605,44,Female,167.01,58,48,20,1
606,44,Male,129.29,29,88,35,1
607,40,Male,192.35,97,46,20,1
608,30,Other,147.6,72,63,5,1
609,33,Other,40.3,61,11,5,0
610,52,Female,120.51,70,95,35,1
611,44,Female,149.27,44,97,40,1
612,69,Female,164.35,38,86,45,1
613,56,Male,24.74,94,55,25,1
614,64,Male,149.4,34,95,45,1
615,34,Other,168.62,5,7,5,0
616,65,Male,154.43,41,26,15,0
617,58,Female,112.22,79,6,45,1
618,18,Other,102.44,65,56,40,1
619,28,Male,118.9,96,96,5,1
620,29,Female,146.84,11,48,60,0
621,31,Male,186.12,91,28,30,1
622,25,Male,131.07,37,90,25,1
623,48,Male,179.81,48,34,25,0
624,24,Female,146.23,43,92,40,1
625,63,Female,32.3,12,17,15,0
626,48,Male,110.15,25,17,30,0
627,33,Female,71.57,74,80,10,1
628,59,Male,71.33,3,95,60,0
629,56,Other,84.07,14,35,25,0
630,61,Female,76.65,3,60,15,0
631,36,Male,124.15,86,70,40,1
632,25,Male,143.05,62,73,40,1
633,46,Male,68.37,18,17,40,0
634,19,Other,43.36,77,52,20,1
635,59,Female,30.59,97,93,60,1
636,20,Male,123.64,94,6,60,1
637,68,Male,53.5,92,1,35,0
638,46,Male,21.66,2,84,15,0
639,32,Female,187.0,59,24,40,1
640,55,Other,116.69,26,31,15,0
641,45,Other,36.64,57,39,45,0
642,54,Male,171.73,32,41,25,0
643,49,Male,196.98,16,99,30,1
644,47,Female,100.75,45,82,5,0
645,68,Male,27.65,50,16,30,0
646,64,Other,41.16,99,75,15,1
647,47,Female,88.7,5,19,40,0
648,68,Female,179.39,31,28,40,0
649,51,Male,46.65,85,52,45,1
650,30,Other,168.32,66,43,35,1
651,50,Female,22.7,83,79,45,1
652,59,Female,102.33,66,48,40,1
653,34,Male,135.99,76,82,35,1
654,20,Other,30.87,50,42,40,0
655,26,Other,130.66,21,4,5,0
656,69,Female,189.99,81,26,65,1
657,28,Other,48.85,57,89,20,1
658,66,Male,151.33,15,96,15,0
659,44,Male,129.64,81,88,30,1
660,45,Female,53.32,96,80,40,1
661,19,Female,21.12,35,22,10,0
662,18,Other,21.67,30,61,35,0
663,23,Male,115.78,9,30,40,0
664,42,Other,189.7,67,23,25,1
665,52,Other,135.97,96,25,5,1
666,33,Female,148.57,14,68,45,0
667,21,Male,108.9,49,10,35,0
668,64,Male,124.74,11,39,65,0
669,55,Other,42.75,4,65,45,0
670,61,Male,177.83,67,80,5,1
671,37,Male,156.94,87,15,30,1
672,42,Other,199.68,34,70,35,1
673,24,Female,73.59,88,82,65,1
674,38,Female,60.86,13,59,60,0
675,24,Female,42.53,24,68,15,0
676,46,Other,193.56,90,84,25,1
677,69,Male,160.56,51,83,40,1
678,24,Other,49.94,61,50,35,0
679,20,Other,119.48,5,2,35,0
680,46,Female,94.48,14,8,50,0
681,46,Male,47.27,6,9,60,0
682,56,Female,49.17,91,32,25,1
683,55,Male,193.42,14,15,35,0
684,23,Male,74.89,85,79,30,1
685,63,Female,189.46,36,21,5,0
686,27,Female,33.61,80,19,60,1
687,54,Other,102.94,37,36,5,0
688,31,Male,43.33,27,45,40,0
689,39,Male,20.86,10,32,25,0
690,49,Male,119.68,29,66,60,1
691,35,Male,40.5,48,91,55,1
692,53,Male,149.96,82,25,40,1
693,63,Other,145.66,46,39,25,0
694,69,Male,51.74,97,42,25,1
695,26,Other,189.51,55,96,25,1
696,43,Female,149.79,3,57,5,0
697,39,Other,73.63,42,76,25,0
698,63,Other,147.66,69,60,45,1
699,55,Other,151.75,24,36,25,0
700,40,Female,81.6,70,76,25,1
701,34,Male,87.61,51,48,35,0
702,43,Other,84.64,3,50,50,0
703,64,Female,130.99,78,30,25,1
704,55,Other,182.07,56,51,65,1
705,19,Other,51.17,9,11,5,0
706,23,Female,177.54,48,43,45,1
707,24,Other,24.98,29,27,45,0
708,30,Other,138.86,88,76,40,1
709,44,Male,94.6,29,58,30,0
710,28,Female,162.43,94,72,45,1
711,32,Other,149.82,55,97,30,1
712,26,Female,106.42,33,92,25,1
713,25,Female,135.9,82,8,35,1
714,63,Male,110.32,70,56,30,1
715,23,Male,166.07,42,85,40,1
716,65,Male,105.7,63,18,45,0
717,60,Other,114.17,78,75,5,1
718,21,Other,65.09,85,93,45,1
719,28,Other,128.91,82,71,25,1
720,68,Other,74.52,17,57,65,0
721,45,Other,123.91,83,29,30,1
722,43,Other,50.54,7,17,45,0
723,21,Female,48.7,21,62,50,0
724,32,Female,95.07,63,69,40,1
725,36,Male,96.83,12,70,15,0
726,23,Other,68.26,61,89,55,1
727,22,Female,43.69,31,45,35,0
728,35,Male,27.06,43,55,25,0
729,23,Male,24.54,32,33,30,0
730,48,Male,68.88,8,77,15,0
731,42,Male,103.13,51,56,20,0
732,21,Female,150.72,96,66,15,1
733,23,Female,105.48,62,13,45,0
734,58,Female,182.73,31,26,5,0
735,54,Male,26.34,96,65,15,1
736,67,Male,52.52,39,70,45,0
737,42,Other,80.93,70,77,45,1
738,51,Other,123.95,64,31,25,0
739,36,Male,173.49,95,41,15,1
740,51,Female,83.04,92,18,15,0
741,32,Male,68.24,16,29,20,0
742,67,Other,31.14,9,29,65,0
743,25,Other,167.83,81,12,35,1
744,61,Female,88.34,91,94,35,1
745,64,Male,122.88,50,66,50,1
746,66,Other,197.04,69,1,5,0
747,51,Female,20.29,8,51,60,0
748,35,Other,46.18,23,28,25,0
749,47,Female,160.24,16,57,10,0
750,30,Other,164.92,60,80,10,1
751,64,Other,158.46,20,53,10,0
752,50,Male,116.66,7,17,55,0
753,52,Female,196.19,31,91,45,1
754,69,Female,91.31,68,78,25,1
755,41,Other,128.35,58,26,45,1
756,43,Male,31.41,34,24,35,0
757,64,Other,93.77,84,61,40,1
758,68,Other,150.05,28,72,60,1
759,61,Other,62.97,27,20,45,0
760,59,Female,189.89,56,66,10,1
761,64,Male,143.62,48,63,35,1
762,18,Other,71.76,45,41,45,0
763,30,Other,158.42,16,69,45,0
764,27,Other,34.97,51,16,45,0
765,36,Female,195.46,27,22,25,0
766,22,Other,28.87,40,20,25,0
767,25,Female,188.02,74,29,10,1
768,21,Female,65.51,94,98,40,1
769,66,Female,156.41,78,11,50,1
770,30,Female,20.01,41,25,50,0
771,55,Female,65.76,60,26,60,1
772,63,Male,154.84,75,54,40,1
773,66,Female,115.82,42,8,45,0
774,63,Female,40.69,37,21,10,0
775,36,Other,90.85,14,88,35,0
776,69,Male,87.6,74,63,25,1
777,67,Male,122.27,84,63,35,1
778,25,Other,140.24,32,79,35,1
779,44,Female,171.35,79,16,35,1
780,67,Male,109.5,61,5,40,0
781,64,Female,90.56,79,95,45,1
782,47,Other,45.92,42,97,30,1
783,21,Male,164.87,75,86,20,1
784,28,Female,148.41,41,2,25,0
785,38,Male,93.56,10,51,25,0
786,60,Male,113.32,55,24,65,1
787,19,Female,139.73,46,65,25,1
788,38,Female,49.67,26,15,45,0
789,34,Male,24.9,89,92,25,1
790,60,Other,77.15,39,78,60,1
791,68,Male,127.21,5,38,30,0
792,46,Other,107.59,39,53,10,0
793,44,Male,144.66,43,99,40,1
794,41,Female,167.54,86,77,50,1
795,66,Other,107.92,80,3,40,1
796,20,Other,44.17,21,98,10,0
797,56,Male,173.11,84,79,35,1
798,27,Male,123.5,25,18,45,0
799,20,Other,153.19,35,45,40,0
800,62,Female,146.84,9,72,65,1
801,59,Other,194.28,6,28,30,0
802,43,Other,73.16,68,24,40,0
803,54,Female,146.96,92,66,35,1
804,44,Female,85.82,50,72,35,1
805,22,Male,91.17,85,58,45,1
806,59,Male,61.51,80,76,20,1
807,28,Male,81.92,67,58,60,1
808,30,Female,190.69,98,11,30,1
809,58,Other,72.66,80,9,45,1
810,51,Female,64.28,28,15,35,0
811,55,Male,124.96,79,94,25,1
812,57,Other,66.45,70,96,15,1
813,50,Male,105.21,41,27,30,0
814,51,Other,170.15,9,52,5,0
815,44,Female,61.47,22,42,20,0
816,53,Male,96.8,80,81,55,1
817,43,Female,129.89,26,42,55,0
818,68,Female,118.21,100,46,20,1
819,42,Female,195.45,70,96,45,1
820,36,Other,142.47,48,27,35,0
821,38,Female,153.19,57,70,65,1
822,48,Female,194.05,61,78,30,1
823,46,Other,94.6,97,10,45,1
824,26,Female,83.97,17,22,45,0
825,36,Female,27.9,28,3,35,0
826,43,Female,53.16,71,33,5,0
827,42,Other,62.69,25,69,20,0
828,57,Other,53.03,87,41,25,1
829,60,Male,155.86,35,7,15,0
830,46,Female,116.46,19,66,30,0
831,42,Other,140.17,6,54,45,0
832,36,Female,167.68,60,53,40,1
833,21,Other,61.54,83,63,5,1
834,62,Other,78.67,28,64,30,0
835,37,Other,147.5,92,77,10,1
836,63,Male,90.7,76,59,65,1
837,18,Female,25.27,7,46,5,0
838,28,Other,98.29,58,87,25,1
839,21,Female,183.49,57,77,45,1
840,24,Other,93.62,21,17,30,0
841,45,Female,79.8,34,68,5,0
842,53,Female,198.11,46,87,20,1
843,24,Other,135.99,6,25,35,0
844,37,Female,85.88,16,6,45,0
845,52,Male,38.36,17,85,40,0
846,68,Male,161.81,38,11,30,0
847,68,Female,147.45,75,61,65,1
848,56,Female,185.94,83,90,40,1
849,38,Other,59.11,17,27,20,0
850,61,Other,40.69,75,26,25,0
851,18,Female,150.33,67,95,65,1
852,54,Female,56.61,89,26,45,1
853,63,Female,51.7,97,70,40,1
854,59,Female,77.57,13,28,40,0
855,20,Male,167.03,9,65,50,0
856,51,Female,117.12,80,34,5,0
857,30,Other,28.25,17,3,45,0
858,33,Male,103.5,20,74,15,0
859,51,Female,143.12,88,79,40,1
860,41,Other,116.91,94,62,35,1
861,30,Male,123.04,32,40,40,0
862,23,Female,60.46,84,24,25,0
863,56,Female,172.59,86,53,25,1
864,19,Female,121.05,61,70,55,1
865,28,Female,148.38,57,35,50,1
866,24,Male,196.74,58,96,25,1
867,24,Other,97.08,31,3,35,0
868,56,Female,178.59,62,79,40,1
869,56,Male,21.31,25,28,45,0
870,29,Male,26.01,19,28,20,0
871,68,Other,126.25,42,65,25,1
872,39,Male,76.06,71,86,40,1
873,68,Male,64.69,62,18,15,0
874,68,Other,70.03,97,73,30,1
875,69,Male,77.31,65,9,40,0
876,20,Male,151.21,15,46,35,0
877,30,Other,122.46,17,14,35,0
878,47,Male,162.03,10,21,40,0
879,27,Other,169.44,20,22,30,0
880,69,Female,171.73,60,88,25,1
881,26,Female,94.64,84,2,35,0
882,23,Female,95.83,89,39,55,1
883,61,Female,186.73,41,57,35,1
884,19,Male,139.12,56,76,35,1
885,61,Female,34.48,81,25,20,0
886,33,Other,117.59,32,94,5,0
887,30,Other,84.08,60,32,40,0
888,65,Other,197.74,18,22,30,0
889,30,Other,22.46,48,93,5,0
890,39,Female,130.19,18,77,45,1
891,36,Other,150.25,47,93,30,1
892,43,Female,72.0,40,66,40,0
893,31,Other,195.26,44,96,55,1
894,48,Other,174.72,25,55,20,0
895,46,Female,184.82,14,11,40,0
896,62,Female,23.46,28,93,60,1
897,59,Male,122.58,25,49,30,0
898,39,Male,73.04,74,22,25,0
899,24,Male,172.83,72,76,35,1
900,54,Other,133.91,59,5,35,0
901,66,Other,117.0,10,79,60,1
902,58,Other,40.63,57,54,20,0
903,44,Male,117.24,9,56,40,0
904,48,Male,133.74,3,43,20,0
905,23,Male,192.06,36,96,30,1
906,33,Other,125.31,25,44,30,0
907,55,Female,194.13,60,73,45,1
908,55,Male,193.09,93,23,45,1
909,67,Female,137.04,72,40,10,1
910,49,Other,111.06,77,41,20,1
911,50,Male,103.88,95,35,15,1
912,66,Other,180.27,64,36,30,1
913,34,Female,25.09,58,53,10,0
914,50,Other,40.49,61,96,25,1
915,28,Other,38.37,87,60,45,1
916,30,Male,156.25,39,37,35,0
917,47,Female,81.14,80,50,15,1
918,18,Male,134.83,66,19,65,1
919,47,Other,128.68,31,54,25,0
920,44,Other,89.45,2,14,15,0
921,57,Female,115.68,22,55,25,0
922,40,Other,136.12,70,64,25,1
923,37,Male,189.37,58,58,60,1
924,23,Female,123.61,28,48,45,0
925,54,Other,130.59,44,12,65,0
926,37,Male,32.21,66,86,60,1
927,54,Male,191.4,14,65,25,0
928,23,Female,115.05,44,42,5,0
929,46,Other,164.23,42,18,15,0
930,30,Male,29.05,55,18,45,0
931,44,Female,95.76,53,34,35,0
932,67,Male,66.26,37,41,35,0
933,37,Other,68.06,76,36,65,1
934,30,Male,162.46,8,35,15,0
935,56,Other,132.3,4,92,25,0
936,25,Male,99.15,43,33,5,0
937,34,Other,21.91,90,25,5,0
938,47,Male,193.69,28,10,30,0
939,18,Male,193.16,18,92,35,1
940,41,Female,59.16,93,46,35,1
941,33,Other,27.44,18,27,25,0
942,28,Male,115.44,38,14,15,0
943,21,Female,191.25,73,37,10,1
944,21,Male,183.87,27,43,40,0
945,34,Female,125.24,24,25,40,0
946,66,Male,74.64,40,49,5,0
947,27,Female,79.39,79,52,30,1
948,38,Other,181.62,91,93,45,1
949,55,Male,108.52,4,32,65,0
950,66,Other,43.6,17,33,40,0
951,35,Other,64.72,96,45,65,1
952,27,Female,69.82,60,91,30,1
953,62,Other,42.24,56,9,45,0
954,33,Female,103.35,82,18,25,1
955,56,Female,184.89,5,23,15,0
956,32,Female,140.38,2,30,50,0
957,51,Female,33.05,97,1,10,0
958,22,Female,20.99,83,7,25,0
959,34,Male,69.72,75,80,25,1
960,54,Male,85.28,16,22,15,0
961,25,Other,159.81,48,83,25,1
962,41,Male,194.06,94,68,40,1
963,45,Female,89.76,93,24,55,1
964,64,Female,143.6,2,59,35,0
965,25,Male,199.08,75,12,5,0
966,40,Other,154.22,2,55,40,0
967,52,Other,134.51,98,65,35,1
968,48,Male,34.05,42,25,45,0
969,34,Female,78.18,97,69,25,1
970,45,Female,184.41,37,42,25,0
971,65,Other,56.18,30,35,45,0
972,65,Male,171.85,32,67,5,0
973,68,Female,145.34,73,9,45,1
974,29,Other,85.94,21,36,30,0
975,41,Other,115.25,87,5,40,1
976,32,Male,117.71,59,68,40,1
977,57,Other,148.53,97,37,25,1
978,48,Female,112.98,99,67,40,1
979,44,Other,43.95,19,13,15,0
980,52,Other,159.22,96,64,15,1
981,35,Other,93.13,6,90,40,0
982,53,Male,193.36,4,25,30,0
983,25,Female,71.03,94,34,30,1
984,63,Other,67.35,96,48,5,1
985,66,Male,80.03,16,49,25,0
986,55,Other,123.02,45,45,35,0
987,22,Female,181.08,50,57,20,1
988,31,Other,51.73,86,10,45,1
989,55,Male,70.34,63,48,45,1
990,37,Other,124.7,78,5,40,1
991,61,Other,101.78,49,76,30,1
992,26,Other,100.52,65,27,40,1
993,50,Male,167.73,74,10,30,1
994,35,Other,186.3,74,90,45,1
995,23,Other,106.64,1,74,35,0
996,54,Male,143.72,11,29,30,0
997,19,Male,164.19,37,90,40,1
998,47,Female,113.31,7,69,25,0
999,23,Male,72.98,39,31,45,0
1000,34,Other,134.86,40,48,25,0
